{"cameraMode":{"drawMode":0,"name":"Shaded","section":"Shading Mode"},"sceneLighting":true,"audioPlay":false,"sceneViewState":{"m_AlwaysRefresh":false,"showFog":true,"showSkybox":true,"showFlares":true,"showImageEffects":true,"showParticleSystems":true,"showVisualEffectGraphs":true,"m_FxEnabled":true},"in2DMode":false,"pivot":{"x":0.15946650505065919,"y":-0.3772916793823242,"z":2.1883182525634767},"rotation":{"x":0.11660145968198776,"y":-0.08598636090755463,"z":0.010134468786418438,"w":0.989406406879425},"size":7.510465621948242,"orthographic":false}